Event,Script,Episode,Action,Rules it predates,Anchor,Why this anchor,Words,Est min,Rendered min,Drift,Gate,Shape,Voices,Cold open (what it refuses),Chapters,Listen,Page,Slug
Apartheid and Its End,written,rendered,re-render (audio contradicts script),"H07-voice,H11-para,H11-2nd,unnamed,inst-voice",am_michael,"catastrophic political: dark, but not funereal",1727,13.3,14.02,0.72,warn H-11,"5 scenes, 6 rests, 1 docs, 5 accounts",F+M+N,"Nelson Mandela is remembered as a man of patience, not war. In December nineteen sixty one, the ANC's armed wing, Umkhonto we Sizwe, began attacking power stations and...",15,https://news.voidvision.org/audio/history/apartheid.mp3,https://news.voidvision.org/history/apartheid/,apartheid
Apollo 11 and the Space Race,written,rendered,,"H07-voice,H11-para,H11-2nd,unnamed,inst-voice",bm_daniel,cultural: warm and unhurried,1583,10.48,10.43,-0.05,warn H-10; warn H-18,"4 scenes, 5 rests, 3 docs, 5 accounts",F+M+N,"In the summer of nineteen sixty nine, a country that could not reliably integrate its own schools landed two men on the Moon. Both of those things were true in the same...",14,https://news.voidvision.org/audio/history/apollo-11-moon-landing.mp3,https://news.voidvision.org/history/apollo-11-moon-landing/,apollo-11-moon-landing
Ashoka and the Maurya Empire,written,rendered,re-render (audio contradicts script),"H07-voice,H11-para,H11-2nd,unnamed,inst-voice",bm_george,major empire: mid weight,1524,11.39,11.31,-0.08,warn H-10; warn H-10; warn H-18; warn H-18,"3 scenes, 5 rests, 3 docs, 5 accounts",M+N,Monuments are built by winners and they all say the same thing. I won. Here is the enemy under my feet. Here is the number of them. There is one that gives the number...,13,https://news.voidvision.org/audio/history/ashoka-maurya-empire.mp3,https://news.voidvision.org/history/ashoka-maurya-empire/,ashoka-maurya-empire
Columbus and the Columbian Exchange,written,rendered,re-render (audio contradicts script),inst-voice,am_michael,"catastrophic political: dark, but not funereal",1665,12.95,13.23,0.28,clean,"5 scenes, 6 rests, 2 docs, 5 accounts",M+N,Ninety percent of the people who lived in the Western Hemisphere in fourteen ninety two were dead within about a hundred years. Say that number out loud and most people...,15,https://news.voidvision.org/audio/history/columbian-exchange.mp3,https://news.voidvision.org/history/columbian-exchange/,columbian-exchange
Fall of the Western Roman Empire,written,rendered,re-render (audio contradicts script),"H11-2nd,unnamed,inst-voice",am_michael,"catastrophic empire: dark, but not funereal",1687,13.02,13.75,0.73,warn H-11,"5 scenes, 6 rests, 1 docs, 5 accounts",M+N,"Say the fall of Rome and most people picture fire: legions broken, a city burning, the barbarians at the gates. On the day historians use to mark the end of the Western...",15,https://news.voidvision.org/audio/history/fall-of-rome.mp3,https://news.voidvision.org/history/fall-of-rome/,fall-of-rome
September 11 and the War on Terror,written,rendered,re-render (audio contradicts script),"H11-2nd,inst-voice",bm_lewis,catastrophic war: the gravest voice,1794,13.61,14.71,1.1,clean,"7 scenes, 5 rests, 3 docs, 5 accounts",F+M+N,Two countries paid for what happened that morning. Neither one attacked it. Fifteen of the nineteen hijackers were Saudi citizens. None were Iraqi. None were Afghan....,17,https://news.voidvision.org/audio/history/september-11-attacks.mp3,https://news.voidvision.org/history/september-11-attacks/,september-11-attacks
The 1918 Influenza Pandemic,written,rendered,,"H07-voice,H11-para,H11-2nd,unnamed,inst-voice",bm_lewis,catastrophic disaster: the gravest voice,1892,14.99,14.16,-0.83,warn H-10; warn H-10,"5 scenes, 7 rests, 7 docs, 5 accounts",F+M+N,In nineteen twenty the Government of India wrote that there was no method by which the deaths due to influenza could be calculated. Then it calculated: seven million...,15,https://news.voidvision.org/audio/history/spanish-flu-1918.mp3,https://news.voidvision.org/history/spanish-flu-1918/,spanish-flu-1918
The 2008 Global Financial Crisis,written,rendered,re-render (audio contradicts script),,am_michael,"catastrophic economic: dark, but not funereal",1769,13.69,14.19,0.5,warn H-18; warn H-18,"5 scenes, 5 rests, 2 docs, 5 accounts",F+M+N,"The story people tell is that two thousand and eight was a shock, a storm out of a clear sky, an accident nobody could have priced in. Warren Buffett had already called...",15,https://news.voidvision.org/audio/history/global-financial-crisis-2008.mp3,https://news.voidvision.org/history/global-financial-crisis-2008/,global-financial-crisis-2008
The Algerian War of Independence,written,rendered,re-render (audio contradicts script),,bm_lewis,catastrophic independence: the gravest voice,1828,14.02,15.0,0.98,warn H-18,"6 scenes, 7 rests, 3 docs, 5 accounts",M+N,"This is not the story of a colony winning its freedom. Algeria was not a colony. In French law it was three departments of France itself, governed from Paris since...",16,https://news.voidvision.org/audio/history/algerian-war.mp3,https://news.voidvision.org/history/algerian-war/,algerian-war
The American Civil Rights Movement,written,rendered,re-render (audio contradicts script),"H07-voice,H11-para,H11-2nd,unnamed,inst-voice",bm_george,critical political: mid weight,1711,12.59,12.62,0.03,warn H-18,"4 scenes, 5 rests, 1 docs, 5 accounts",F+M+N,"The story everybody gets is a tired woman on a bus. Rosa Parks was forty two, she was not unusually tired that day, and she was not the first. Nine months earlier a...",14,https://news.voidvision.org/audio/history/civil-rights-movement.mp3,https://news.voidvision.org/history/civil-rights-movement/,civil-rights-movement
The Arab Spring,written,rendered,re-render (audio contradicts script),inst-voice,am_michael,"catastrophic revolution: dark, but not funereal",1789,14.01,14.6,0.59,clean,"5 scenes, 6 rests, 4 docs, 5 accounts",F+M+N,"You think you know how this one starts. A vendor sets himself on fire to protest a dictatorship, and the dictatorship falls. That is not quite what happened. Mohamed...",15,https://news.voidvision.org/audio/history/arab-spring.mp3,https://news.voidvision.org/history/arab-spring/,arab-spring
The Armenian Genocide,written,rendered,OVER 15 min (15.17),"H07-voice,H11-para,H11-2nd,unnamed,inst-voice",bm_lewis,catastrophic genocide: the gravest voice,1995,14.99,15.17,0.18,warn H-10; warn H-10,"4 scenes, 7 rests, 6 docs, 5 accounts",F+M+N,"Constantinople, the seventh of July, nineteen fifteen. The German ambassador writes to his chancellor that the government is pursuing its purpose of eradicating the...",14,https://news.voidvision.org/audio/history/armenian-genocide.mp3,https://news.voidvision.org/history/armenian-genocide/,armenian-genocide
The Assassination of Julius Caesar,written,rendered,re-render (audio contradicts script),,bm_george,critical political: mid weight,1869,14.3,14.84,0.54,warn H-11; warn H-18; warn H-18,"5 scenes, 7 rests, 3 docs, 5 accounts",F+M+N,"Say the assassination of Julius Caesar and one line comes to mind before any fact does. ""Et tu, Brute."" You too, Brutus. Caesar never said that. Suetonius, writing more...",15,https://news.voidvision.org/audio/history/assassination-of-caesar.mp3,https://news.voidvision.org/history/assassination-of-caesar/,assassination-of-caesar
The Atomic Bombings of Hiroshima and Nagasaki,written,rendered,re-render (audio contradicts script),"H07-voice,H11-para,H11-2nd,unnamed,inst-voice",bm_lewis,catastrophic war: the gravest voice,1949,14.32,14.17,-0.15,warn H-10; warn H-18; warn H-18,"4 scenes, 6 rests, 2 docs, 5 accounts",M+N,"It is almost always posed as two options. Drop the bomb, or invade. A quarter of a million American dead, or a hundred and forty thousand Japanese ones. The documents...",14,https://news.voidvision.org/audio/history/hiroshima-nagasaki.mp3,https://news.voidvision.org/history/hiroshima-nagasaki/,hiroshima-nagasaki
The Bandung Conference,written,rendered,re-render (audio contradicts script),,bm_george,major political: mid weight,1754,13.51,14.78,1.27,clean,"5 scenes, 7 rests, 3 docs, 5 accounts",F+M+N,"Ask most people what happened at Bandung in nineteen fifty five, and they will tell you this is where the Non-Aligned Movement was founded. It was not. The Non-Aligned...",15,https://news.voidvision.org/audio/history/bandung-conference.mp3,https://news.voidvision.org/history/bandung-conference/,bandung-conference
The Black Death,written,rendered,re-render (audio contradicts script),"H07-voice,H11-para,H11-2nd,unnamed,inst-voice",bm_lewis,catastrophic disaster: the gravest voice,1848,13.8,14.03,0.23,clean,"5 scenes, 7 rests, 2 docs, 5 accounts",M+N,"On the fourteenth of February, thirteen forty nine, Strasbourg took its Jewish community to the cemetery and burned two thousand people alive. The plague had not reached...",15,https://news.voidvision.org/audio/history/black-death.mp3,https://news.voidvision.org/history/black-death/,black-death
The Bolivarian Revolutions,written,rendered,re-render (audio contradicts script),,bm_george,major revolution: mid weight,1753,13.32,14.82,1.5,warn H-10,"6 scenes, 7 rests, 2 docs, 5 accounts",F+M+N,"He is called The Liberator. Statues carry the name across six countries. In eighteen sixteen, a Black republic gave Bolivar the ships, the soldiers, and the guns that...",16,https://news.voidvision.org/audio/history/bolivarian-revolutions.mp3,https://news.voidvision.org/history/bolivarian-revolutions/,bolivarian-revolutions
The Cambodian Genocide,written,rendered,,inst-voice,bm_lewis,catastrophic genocide: the gravest voice,1957,14.99,14.64,-0.35,clean,"6 scenes, 6 rests, 8 docs, 5 accounts",M+N,"In nineteen seventy nine a tribunal in Phnom Penh, Cambodia, charged that about three million people had been killed, under a regime that lasted three years, eight...",16,https://news.voidvision.org/audio/history/cambodian-genocide.mp3,https://news.voidvision.org/history/cambodian-genocide/,cambodian-genocide
The Chernobyl Disaster,written,rendered,,"H07-voice,H11-para,H11-2nd,unnamed,inst-voice",bm_lewis,catastrophic disaster: the gravest voice,1472,11.14,11.22,0.08,warn H-11; warn H-11; warn H-11; warn H-11; warn H-11; warn H-18; warn H-18; warn H-18; warn H-18,"4 scenes, 7 rests, 2 docs, 5 accounts",F+M+N,"On the morning of the twenty eighth of April, nineteen eighty six, a routine radiation monitor at a nuclear plant in Sweden went off as a worker walked in from outside....",14,https://news.voidvision.org/audio/history/chernobyl-disaster.mp3,https://news.voidvision.org/history/chernobyl-disaster/,chernobyl-disaster
The Chinese Civil War and the Founding of the People's Republic,written,rendered,re-render (audio contradicts script),,am_michael,"catastrophic revolution: dark, but not funereal",1731,13.6,14.25,0.65,warn H-18,"6 scenes, 6 rests, 2 docs, 5 accounts",M+N,"You think of the Chinese Civil War as one war, fought without a break for twenty two years. It was two wars, with an eight year gap between them. From nineteen twenty...",16,https://news.voidvision.org/audio/history/chinese-civil-war.mp3,https://news.voidvision.org/history/chinese-civil-war/,chinese-civil-war
The Chinese Cultural Revolution,written,rendered,re-render (audio contradicts script),,am_michael,"catastrophic political: dark, but not funereal",1786,13.99,14.36,0.37,warn H-18,"5 scenes, 6 rests, 3 docs, 5 accounts",F+M+N,"You think this was children rising up against their elders. On August the fifth, nineteen sixty six, the Chairman of the Chinese Communist Party wrote four words in a...",15,https://news.voidvision.org/audio/history/chinese-cultural-revolution.mp3,https://news.voidvision.org/history/chinese-cultural-revolution/,chinese-cultural-revolution
The Collapse of the Soviet Union,written,rendered,re-render (audio contradicts script),inst-voice,bm_george,critical revolution: mid weight,1758,13.27,14.12,0.85,warn H-18,"4 scenes, 6 rests, 3 docs, 5 accounts",F+M+N,"A country of two hundred and ninety million people, spanning eleven time zones and one sixth of the planet's land surface, from Brest to the Bering Strait, did not end...",14,https://news.voidvision.org/audio/history/soviet-union-collapse.mp3,https://news.voidvision.org/history/soviet-union-collapse/,soviet-union-collapse
The Congo Free State,written,rendered,re-render (audio contradicts script),"H11-2nd,inst-voice",bm_lewis,catastrophic genocide: the gravest voice,1807,13.61,14.34,0.73,clean,"4 scenes, 7 rests, 5 docs, 5 accounts",F+M+N,"You think of a colony as a country's project: a budget line, a cabinet answering to a parliament back home. The Congo Free State was none of that. It answered to no...",14,https://news.voidvision.org/audio/history/congo-free-state.mp3,https://news.voidvision.org/history/congo-free-state/,congo-free-state
The Congo Wars,written,rendered,re-render (audio contradicts script),,bm_lewis,catastrophic war: the gravest voice,1836,13.9,14.88,0.98,clean,"5 scenes, 7 rests, 2 docs, 5 accounts",F+M+N,"Ask what killed five million four hundred thousand people in Congo between nineteen ninety eight and two thousand seven, and the answer people reach for is a...",15,https://news.voidvision.org/audio/history/congo-wars.mp3,https://news.voidvision.org/history/congo-wars/,congo-wars
The Conquests of Alexander,written,rendered,re-render (audio contradicts script),,am_michael,"catastrophic empire: dark, but not funereal",1794,14.05,14.46,0.41,warn H-11; warn H-11; warn H-18,"6 scenes, 7 rests, 2 docs, 5 accounts",M+N,"Alexander the Great is supposed to have wept when he saw the size of what he had won, because there were no more worlds left to conquer. His own record calls that line...",16,https://news.voidvision.org/audio/history/alexanders-conquests.mp3,https://news.voidvision.org/history/alexanders-conquests/,alexanders-conquests
The Creation of Israel and the Nakba,written,rendered,re-render (audio contradicts script),"H07-voice,H11-para,H11-2nd,unnamed,inst-voice",bm_lewis,catastrophic independence: the gravest voice,1984,14.47,14.57,0.1,warn H-10; warn H-10; warn H-10; warn H-10; warn H-10; warn H-18; warn H-18; warn H-18,"4 scenes, 5 rests, 2 docs, 5 accounts",M+N,"At four in the afternoon on the fourteenth of May, nineteen forty eight, a man read a declaration aloud in a museum in Tel Aviv. Eleven minutes later the United States...",14,https://news.voidvision.org/audio/history/creation-of-israel-nakba.mp3,https://news.voidvision.org/history/creation-of-israel-nakba/,creation-of-israel-nakba
The Crusades,written,rendered,re-render (audio contradicts script),"H07-voice,H11-para,H11-2nd,unnamed,inst-voice",am_michael,critical war,1845,14.23,14.02,-0.21,warn H-10; warn H-10; warn H-10; warn H-18; warn H-18; warn H-18,"5 scenes, 6 rests, 3 docs, 5 accounts",M+N,"The Fourth Crusade never reached Jerusalem. It never even turned south. In twelve hundred and four it sacked Constantinople, the largest Christian city in the world, and...",15,https://news.voidvision.org/audio/history/the-crusades.mp3,https://news.voidvision.org/history/the-crusades/,the-crusades
The Cuban Missile Crisis,written,rendered,re-render (audio contradicts script),"H07-voice,H11-para,H11-2nd,unnamed,inst-voice",bm_george,critical political: mid weight,1741,12.8,13.09,0.29,warn H-10; warn H-10; warn H-10; warn H-10; warn H-18; warn H-18,"4 scenes, 5 rests, 1 docs, 5 accounts",M+N,"The story as it is usually told happens in two rooms. A cabinet room in Washington and an office in Moscow, thirteen days, two men, and a blink. The moment that came...",14,https://news.voidvision.org/audio/history/cuban-missile-crisis.mp3,https://news.voidvision.org/history/cuban-missile-crisis/,cuban-missile-crisis
The Cuban Revolution,written,rendered,re-render (audio contradicts script),inst-voice,bm_george,major revolution: mid weight,1762,13.3,14.33,1.03,warn H-18; warn H-18,"5 scenes, 7 rests, 2 docs, 5 accounts",F+M+N,"The ending, first: guerrillas marching into Havana, the dictator's palace empty, a revolution won by force of arms. The record says the capital fell without a single...",15,https://news.voidvision.org/audio/history/cuban-revolution.mp3,https://news.voidvision.org/history/cuban-revolution/,cuban-revolution
The Cyrus Cylinder,written,rendered,re-render (audio contradicts script),,bm_george,major political: mid weight,1791,13.76,14.42,0.66,warn H-18; warn H-18; warn H-18,"4 scenes, 6 rests, 4 docs, 5 accounts",F+M+N,"A clay cylinder sits in a case in the British Museum with a label calling it the first charter of human rights. It is forty five lines of cuneiform, in a dead...",14,https://news.voidvision.org/audio/history/cyrus-cylinder.mp3,https://news.voidvision.org/history/cyrus-cylinder/,cyrus-cylinder
The Fall of Constantinople,written,rendered,re-render (audio contradicts script),"H07-voice,H11-para,H11-2nd,unnamed,inst-voice",am_michael,"catastrophic political: dark, but not funereal",1890,14.64,14.88,0.24,warn H-18,"5 scenes, 6 rests, 3 docs, 5 accounts",M+N,"Ottoman cannon fired at the Theodosian Walls of Constantinople for fifty three days straight, walls that had turned back every siege for a thousand years, and the walls...",15,https://news.voidvision.org/audio/history/fall-of-constantinople.mp3,https://news.voidvision.org/history/fall-of-constantinople/,fall-of-constantinople
The Fall of Tenochtitlan,written,rendered,re-render (audio contradicts script),"H07-voice,H11-para,H11-2nd,unnamed,inst-voice",am_michael,"catastrophic empire: dark, but not funereal",1862,14.27,13.79,-0.48,clean,"5 scenes, 5 rests, 3 docs, 5 accounts",M+N,"Five hundred Spaniards took an empire of millions. That is the sentence, and it has never added up. At the siege that ended it, the Spanish force was maybe nine hundred...",15,https://news.voidvision.org/audio/history/fall-of-tenochtitlan.mp3,https://news.voidvision.org/history/fall-of-tenochtitlan/,fall-of-tenochtitlan
The Fall of the Berlin Wall,written,rendered,re-render (audio contradicts script),"H07-voice,H11-para,H11-2nd,unnamed,inst-voice",bm_george,critical revolution: mid weight,1557,11.71,11.71,-0.0,warn H-10; warn H-18,"4 scenes, 6 rests, 3 docs, 5 accounts",M+N,"Nobody decided to open it. There was no vote, no order, and no moment where a government concluded that the time had come. What there was, on the evening of the ninth of...",14,https://news.voidvision.org/audio/history/fall-of-berlin-wall.mp3,https://news.voidvision.org/history/fall-of-berlin-wall/,fall-of-berlin-wall
The French Revolution,written,rendered,re-render (audio contradicts script),"H07-voice,H11-para,H11-2nd,unnamed,inst-voice",am_michael,"catastrophic revolution: dark, but not funereal",1601,12.4,12.24,-0.16,warn H-10; warn H-10; warn H-18; warn H-18,"4 scenes, 5 rests, 4 docs, 5 accounts",F+M+N,"The founding act of the French revolution was the storming of a fortress that held seven prisoners. Four forgers, two men who were insane, and one young aristocrat whose...",14,https://news.voidvision.org/audio/history/french-revolution.mp3,https://news.voidvision.org/history/french-revolution/,french-revolution
The Global Struggle for Women's Suffrage,written,rendered,re-render (audio contradicts script),"H07-voice,H11-para,H11-2nd,unnamed,inst-voice",bm_daniel,cultural: warm and unhurried,1925,12.69,12.96,0.27,warn H-18,"5 scenes, 7 rests, 3 docs, 5 accounts",F+N,"Picture the order these countries came in. You will probably get it backwards. The most powerful woman on earth, Queen Victoria, spent her whole reign fighting the idea...",15,https://news.voidvision.org/audio/history/womens-suffrage.mp3,https://news.voidvision.org/history/womens-suffrage/,womens-suffrage
The Great Depression,written,rendered,re-render (audio contradicts script),"H11-2nd,unnamed,inst-voice",am_michael,"catastrophic economic: dark, but not funereal",1675,12.93,13.3,0.37,clean,"5 scenes, 4 rests, 2 docs, 5 accounts",F+M+N,"You think you know this one. The market crashed in October nineteen twenty nine, and that crash was the Great Depression. The record says otherwise. The crash was a...",15,https://news.voidvision.org/audio/history/great-depression.mp3,https://news.voidvision.org/history/great-depression/,great-depression
The Great Leap Forward and the Great Chinese Famine,written,rendered,re-render (audio contradicts script),inst-voice,bm_lewis,catastrophic disaster: the gravest voice,1763,13.31,13.34,0.03,clean,"5 scenes, 5 rests, 3 docs, 5 accounts",F+M+N,"You think this began with a bad harvest. It began with a steel target. In May of nineteen fifty eight, Mao Zedong told the party that China would overtake Britain in...",15,https://news.voidvision.org/audio/history/great-leap-forward.mp3,https://news.voidvision.org/history/great-leap-forward/,great-leap-forward
The Gutenberg Revolution,written,rendered,re-render (audio contradicts script),"H07-voice,H11-para,H11-2nd,unnamed,inst-voice",bm_daniel,cultural: warm and unhurried,1833,11.79,11.7,-0.09,warn H-10; warn H-18; warn H-18,"4 scenes, 5 rests, 2 docs, 5 accounts",M+N,Two things about the man whose name is on this. He did not invent printing. Chinese printers had been working from carved blocks since the ninth century. A man called Bi...,14,https://news.voidvision.org/audio/history/gutenberg-printing-press.mp3,https://news.voidvision.org/history/gutenberg-printing-press/,gutenberg-printing-press
The Haitian Revolution,written,rendered,,"H07-voice,H11-para,H11-2nd,unnamed,inst-voice",bm_george,critical revolution: mid weight,1917,14.98,14.66,-0.32,clean,"5 scenes, 8 rests, 8 docs, 5 accounts",M+N,"On the eighth of November, eighteen oh one, the First Consul of France told the people of Saint-Domingue, his colony in the Caribbean, that they were all French, all...",15,https://news.voidvision.org/audio/history/haitian-revolution.mp3,https://news.voidvision.org/history/haitian-revolution/,haitian-revolution
The Holocaust,written,rendered,re-render (audio contradicts script),"H07-voice,H11-para,H11-2nd,unnamed,inst-voice",bm_lewis,catastrophic genocide: the gravest voice,1998,14.56,14.52,-0.04,warn H-11; warn H-10; warn H-10; warn H-10,"4 scenes, 6 rests, 1 docs, 5 accounts",M+N,"The thing most people get wrong about this is not whether it happened. It is how. The picture in most heads is a secret, improvised in the dark by a small number of...",14,https://news.voidvision.org/audio/history/the-holocaust.mp3,https://news.voidvision.org/history/the-holocaust/,the-holocaust
The Holodomor,written,rendered,re-render (audio contradicts script),inst-voice,bm_lewis,catastrophic genocide: the gravest voice,1921,14.21,14.54,0.33,clean,"4 scenes, 6 rests, 2 docs, 5 accounts",F+M+N,"You think of this as a famine, meaning there was not enough food. There was food. The nineteen thirty two Ukrainian harvest came in at fourteen point six million tons,...",14,https://news.voidvision.org/audio/history/holodomor.mp3,https://news.voidvision.org/history/holodomor/,holodomor
The Inca Empire and the Spanish Conquest,written,rendered,re-render (audio contradicts script),inst-voice,am_michael,"catastrophic political: dark, but not funereal",1780,14.04,14.37,0.33,clean,"6 scenes, 6 rests, 3 docs, 5 accounts",F+M+N,"Ask how the Inca empire fell and most people describe a trick: an emperor captured, a ransom demanded, a room filled with gold. The ransom was paid. Not partly, in full:...",16,https://news.voidvision.org/audio/history/inca-conquest-peru.mp3,https://news.voidvision.org/history/inca-conquest-peru/,inca-conquest-peru
The Indian Independence Movement,written,rendered,re-render (audio contradicts script),"H11-2nd,unnamed,inst-voice",am_michael,critical independence,1634,12.99,13.46,0.47,warn H-11,"7 scenes, 7 rests, 3 docs, 5 accounts",M+N,"You think you know how this one ends. A lawyer put down his suit, wrapped himself in homespun cloth, and walked to the sea to pick up salt. An empire cracked. That part...",17,https://news.voidvision.org/audio/history/indian-independence-movement.mp3,https://news.voidvision.org/history/indian-independence-movement/,indian-independence-movement
The Industrial Revolution,written,rendered,re-render (audio contradicts script),"H07-voice,H11-para,H11-2nd,unnamed,inst-voice",am_michael,"catastrophic economic: dark, but not funereal",1911,14.35,14.62,0.27,warn H-18; warn H-18; warn H-18,"4 scenes, 4 rests, 1 docs, 5 accounts",F+M+N,"Most people picture the industrial revolution as a machine born in Britain, ahead of the world already. In seventeen fifty that picture is backwards. Britain produced...",14,https://news.voidvision.org/audio/history/industrial-revolution.mp3,https://news.voidvision.org/history/industrial-revolution/,industrial-revolution
The Iran-Iraq War,written,rendered,re-render (audio contradicts script),,bm_lewis,catastrophic war: the gravest voice,1861,14.24,14.46,0.22,warn H-11,"6 scenes, 6 rests, 3 docs, 5 accounts",F+M+N,"Call this ancient sectarian hatred between Shia and Sunni, and the record disagrees. That fault line hardened because of this war. It did not start it. This war started...",16,https://news.voidvision.org/audio/history/iran-iraq-war.mp3,https://news.voidvision.org/history/iran-iraq-war/,iran-iraq-war
The Iranian Revolution,written,rendered,re-render (audio contradicts script),"H07-voice,H11-para,H11-2nd,unnamed,inst-voice",am_michael,"catastrophic revolution: dark, but not funereal",1688,12.85,12.88,0.03,warn H-18; warn H-18,"4 scenes, 5 rests, 2 docs, 5 accounts",M+N,"It started with a newspaper article. One smear piece, about a cleric almost nobody under thirty could remember, placed in a state paper on the order of a government...",14,https://news.voidvision.org/audio/history/iranian-revolution.mp3,https://news.voidvision.org/history/iranian-revolution/,iranian-revolution
The Khmer Empire,written,rendered,re-render (audio contradicts script),,bm_george,major empire: mid weight,1856,14.39,14.77,0.38,warn H-18,"6 scenes, 7 rests, 4 docs, 5 accounts",M+N,"A photograph of Angkor Wat's towers looks like a photograph of one temple. In twenty twelve, a plane carrying a laser flew over the jungle north of Siem Reap and...",16,https://news.voidvision.org/audio/history/angkor-khmer-empire.mp3,https://news.voidvision.org/history/angkor-khmer-empire/,angkor-khmer-empire
The Kingdom of Kongo,written,rendered,re-render (audio contradicts script),,bm_george,major political: mid weight,1797,13.54,14.35,0.81,warn H-18,"5 scenes, 7 rests, 2 docs, 5 accounts",F+M+N,"You picture the slave trade landing on a coast with no state to answer to. In one kingdom, the man in charge was baptised, literate in Portuguese, and wrote directly to...",15,https://news.voidvision.org/audio/history/kingdom-of-kongo.mp3,https://news.voidvision.org/history/kingdom-of-kongo/,kingdom-of-kongo
The Korean War,written,rendered,re-render (audio contradicts script),inst-voice,bm_lewis,catastrophic war: the gravest voice,1949,14.67,14.73,0.06,warn H-11,"5 scenes, 6 rests, 3 docs, 5 accounts",F+M+N,"You think this war ended. July the twenty seventh, nineteen fifty three. An armistice. The guns went quiet. Look at who signed it. A United States Army general, for the...",15,https://news.voidvision.org/audio/history/korean-war.mp3,https://news.voidvision.org/history/korean-war/,korean-war
The Mali Empire and Mansa Musa's Pilgrimage,written,rendered,,"H07-voice,H11-para,H11-2nd,unnamed,inst-voice",bm_george,major empire: mid weight,1919,14.2,14.15,-0.05,warn H-10; warn H-18,"4 scenes, 6 rests, 2 docs, 5 accounts",M+N,"In twenty twelve a website published a list of the richest people who have ever lived, and put a fourteenth century West African king at the top of it with a figure of...",14,https://news.voidvision.org/audio/history/mali-empire-mansa-musa.mp3,https://news.voidvision.org/history/mali-empire-mansa-musa/,mali-empire-mansa-musa
The Meiji Restoration,written,rendered,re-render (audio contradicts script),"H07-voice,H11-para,H11-2nd,unnamed,inst-voice",bm_george,major revolution: mid weight,1853,14.1,14.71,0.61,clean,"5 scenes, 6 rests, 4 docs, 5 accounts",M+N,"The movement that opened Japan to the world took power on a promise to throw the world out. Its slogan was sonno joi. Revere the Emperor, Expel the Barbarians. That...",15,https://news.voidvision.org/audio/history/meiji-restoration.mp3,https://news.voidvision.org/history/meiji-restoration/,meiji-restoration
The Mongol Conquest of Baghdad,written,rendered,re-render (audio contradicts script),inst-voice,bm_lewis,catastrophic war: the gravest voice,1799,13.73,14.19,0.46,clean,"5 scenes, 6 rests, 4 docs, 5 accounts",M+N,"You think you know this one. Mongol riders swept out of the steppe and destroyed the capital of the Islamic world, alone. The force that surrounded Baghdad's walls in...",15,https://news.voidvision.org/audio/history/mongol-conquest-baghdad.mp3,https://news.voidvision.org/history/mongol-conquest-baghdad/,mongol-conquest-baghdad
The Mongol Empire,written,rendered,re-render (audio contradicts script),"H07-voice,H11-para,H11-2nd,unnamed,inst-voice",am_michael,"catastrophic empire: dark, but not funereal",1690,13.39,13.14,-0.25,warn H-11; warn H-18,"5 scenes, 7 rests, 2 docs, 5 accounts",M+N,"Think of one man, Genghis Khan, riding out of the steppe and putting all of Eurasia to the sword. The gates of Vienna. The House of Wisdom in Baghdad. The Yangtze river....",15,https://news.voidvision.org/audio/history/mongol-empire.mp3,https://news.voidvision.org/history/mongol-empire/,mongol-empire
The Mughal Empire,written,rendered,re-render (audio contradicts script),,bm_george,major political: mid weight,1750,13.74,14.02,0.28,warn H-18,"5 scenes, 6 rests, 5 docs, 5 accounts",M+N,"In fifteen eighty two, the ruler of a subcontinent declared a new religion, debated for seven years by five faiths at his own court. It attracted fewer than twenty...",15,https://news.voidvision.org/audio/history/mughal-empire.mp3,https://news.voidvision.org/history/mughal-empire/,mughal-empire
The Nanjing Massacre,written,rendered,re-render (audio contradicts script),"H07-voice,H11-para,H11-2nd,unnamed,inst-voice",bm_lewis,catastrophic genocide: the gravest voice,1826,13.83,13.5,-0.33,warn H-11,"4 scenes, 9 rests, 2 docs, 5 accounts",F+M+N,"Picture Nanjing as a battle. A defending army meets an invading one, the defenders lose, and what follows is the massacre. That is not what happened. Days before...",14,https://news.voidvision.org/audio/history/nanjing-massacre.mp3,https://news.voidvision.org/history/nanjing-massacre/,nanjing-massacre
The Opium Wars,written,rendered,re-render (audio contradicts script),"H07-voice,H11-para,H11-2nd,unnamed,inst-voice",am_michael,critical war,1704,13.32,13.4,0.08,clean,"4 scenes, 6 rests, 3 docs, 5 accounts",M+N,"You call these the Opium Wars. The country that fought them never did. Forty four warships and four thousand troops sailed for China, and the government that sent them...",14,https://news.voidvision.org/audio/history/opium-wars.mp3,https://news.voidvision.org/history/opium-wars/,opium-wars
The Ottoman Empire,written,rendered,re-render (audio contradicts script),inst-voice,am_michael,"catastrophic political: dark, but not funereal",1888,14.54,15.26,0.72,warn H-18; warn H-18; warn H-18,"5 scenes, 7 rests, 1 docs, 5 accounts",F+M+N,"Say the Ottoman Empire and you probably think of Turks ruling for Turks. For long stretches of six centuries, the men actually running the empire were not born Turkish,...",15,https://news.voidvision.org/audio/history/ottoman-empire.mp3,https://news.voidvision.org/history/ottoman-empire/,ottoman-empire
The Partition of India,written,rendered,,"H07-voice,H11-para,H11-2nd,unnamed,inst-voice",bm_lewis,catastrophic independence: the gravest voice,1876,14.96,14.19,-0.77,warn H-10,"6 scenes, 7 rests, 10 docs, 5 accounts",F+M+N,"There is a border in South Asia, between India and Pakistan, that the two countries have fought four wars across. Both hold nuclear weapons. You would assume a line like...",17,https://news.voidvision.org/audio/history/partition-of-india.mp3,https://news.voidvision.org/history/partition-of-india/,partition-of-india
The Peloponnesian War,written,rendered,re-render (audio contradicts script),inst-voice,bm_george,major war: mid weight,1980,15.06,15.21,0.15,warn H-07,"7 scenes, 7 rests, 2 docs, 5 accounts",M+N,"Say the Peloponnesian War and people picture two armies settling it with spears. Athens against Sparta, one winner left standing. The record does not show that. Sparta...",17,https://news.voidvision.org/audio/history/peloponnesian-war.mp3,https://news.voidvision.org/history/peloponnesian-war/,peloponnesian-war
The Pentagon Papers and Watergate,written,rendered,re-render (audio contradicts script),inst-voice,bm_george,major political: mid weight,1634,12.85,13.49,0.64,clean,"6 scenes, 8 rests, 3 docs, 5 accounts",F+M+N,"The story goes that two newspaper reporters brought down a president. The record disagrees. Its own institutional account credits grand juries, judges, a special...",16,https://news.voidvision.org/audio/history/watergate.mp3,https://news.voidvision.org/history/watergate/,watergate
The Protestant Reformation,written,rendered,re-render (audio contradicts script),"H07-voice,H11-para,H11-2nd,unnamed,inst-voice",am_michael,"catastrophic cultural: dark, but not funereal",1694,13.6,13.29,-0.31,clean,"5 scenes, 8 rests, 3 docs, 5 accounts",F+M+N,"The most famous sentence Martin Luther ever spoke, he did not speak. Here I stand, I can do no other. That line is not recorded on the spot at the Diet of Worms. It was...",15,https://news.voidvision.org/audio/history/the-reformation.mp3,https://news.voidvision.org/history/the-reformation/,the-reformation
The Rise of Islam,written,rendered,re-render (audio contradicts script),"H07-voice,H11-para,H11-2nd,unnamed,inst-voice",am_michael,"catastrophic political: dark, but not funereal",1796,14.06,14.43,0.37,clean,"6 scenes, 7 rests, 3 docs, 5 accounts",M+N,"Ask when Islam began and most people will say six hundred ten, the night a merchant saw an angel in a cave outside Mecca. The people who wrote the calendar disagreed....",16,https://news.voidvision.org/audio/history/rise-of-islam.mp3,https://news.voidvision.org/history/rise-of-islam/,rise-of-islam
The Russian Revolution,written,rendered,re-render (audio contradicts script),"H07-voice,H11-para,H11-2nd,unnamed,inst-voice",am_michael,"catastrophic revolution: dark, but not funereal",1740,13.57,14.17,0.6,warn H-11,"5 scenes, 6 rests, 4 docs, 5 accounts",F+M+N,"You have seen the storming of the Winter Palace. Soldiers pouring over the gates, rifles raised, a fortress taken by force. That footage is real film, shot in nineteen...",15,https://news.voidvision.org/audio/history/russian-revolution.mp3,https://news.voidvision.org/history/russian-revolution/,russian-revolution
The Rwandan Genocide,written,rendered,re-render (audio contradicts script),"H07-voice,H11-para,H11-2nd,unnamed,inst-voice",bm_lewis,catastrophic genocide: the gravest voice,1739,12.61,12.59,-0.02,warn H-11; warn H-10,"3 scenes, 5 rests, 2 docs, 5 accounts",F+M+N,"The word used at the time, in newsrooms and in foreign ministries, was tribal. Ancient hatreds. Something that had welled up and would burn itself out. Here is what the...",13,https://news.voidvision.org/audio/history/rwandan-genocide.mp3,https://news.voidvision.org/history/rwandan-genocide/,rwandan-genocide
The Scramble for Africa,written,rendered,,"H07-voice,H11-para,H11-2nd,unnamed,inst-voice",am_michael,"catastrophic empire: dark, but not funereal",1851,14.98,14.39,-0.59,warn H-10; warn H-10; warn H-10; warn H-10; warn H-10; warn H-10; warn H-10,"6 scenes, 6 rests, 9 docs, 5 accounts",M+N,"On the twenty sixth of February, eighteen eighty five, fourteen governments signed a General Act at Berlin. It names no border and gives no territory to anyone. Six...",16,https://news.voidvision.org/audio/history/scramble-for-africa.mp3,https://news.voidvision.org/history/scramble-for-africa/,scramble-for-africa
The Silk Road,written,rendered,re-render (audio contradicts script),"H07-voice,H11-para,H11-2nd,unnamed,inst-voice",bm_george,major economic: mid weight,1801,13.21,13.17,-0.04,warn H-10; warn H-10; warn H-10; warn H-18; warn H-18,"3 scenes, 4 rests, 3 docs, 5 accounts",M+N,"Two things about the name. It was invented in eighteen seventy seven, by a German geographer, about four hundred years after the thing it describes had stopped working....",13,https://news.voidvision.org/audio/history/silk-road.mp3,https://news.voidvision.org/history/silk-road/,silk-road
The Six-Day War,written,rendered,re-render (audio contradicts script),inst-voice,bm_lewis,catastrophic war: the gravest voice,1884,14.05,13.97,-0.08,warn H-11; warn H-18; warn H-18,"5 scenes, 6 rests, 3 docs, 5 accounts",F+M+N,"Call it the Six Day War and you picture six days of fighting. Tanks grinding across three fronts, cities changing hands, a war fought and refought in the field. At seven...",15,https://news.voidvision.org/audio/history/six-day-war.mp3,https://news.voidvision.org/history/six-day-war/,six-day-war
The Spanish Civil War,written,rendered,re-render (audio contradicts script),,bm_lewis,catastrophic war: the gravest voice,1856,14.65,14.63,-0.02,warn H-18,"6 scenes, 7 rests, 6 docs, 5 accounts",F+M+N,"You know the postcard version. Young idealists crossing oceans to fight fascism in Spain, Hemingway and Orwell and the Lincoln Battalion, thirty five thousand volunteers...",16,https://news.voidvision.org/audio/history/spanish-civil-war.mp3,https://news.voidvision.org/history/spanish-civil-war/,spanish-civil-war
The Srebrenica Genocide and the Bosnian War,written,rendered,,inst-voice,bm_lewis,catastrophic genocide: the gravest voice,1982,14.98,14.76,-0.22,warn H-10,"6 scenes, 7 rests, 5 docs, 5 accounts",M+N,"In April of nineteen ninety three the Security Council demanded that a town in eastern Bosnia be treated as a safe area, free from any armed attack. The force sent to...",16,https://news.voidvision.org/audio/history/srebrenica-genocide.mp3,https://news.voidvision.org/history/srebrenica-genocide/,srebrenica-genocide
The Suez Crisis,written,rendered,re-render (audio contradicts script),,am_michael,critical war,1778,14.02,14.29,0.27,warn H-18; warn H-18,"6 scenes, 7 rests, 2 docs, 5 accounts",M+N,Israel took the Sinai peninsula in about a hundred hours. British and French paratroopers destroyed the Egyptian air force on the ground and held the northern Suez Canal...,16,https://news.voidvision.org/audio/history/suez-crisis.mp3,https://news.voidvision.org/history/suez-crisis/,suez-crisis
The Sykes-Picot Agreement,written,rendered,re-render (audio contradicts script),inst-voice,bm_george,critical empire: mid weight,1859,14.76,15.18,0.42,clean,"6 scenes, 7 rests, 6 docs, 5 accounts",M+N,"You know the story. Two men, a map, a ruler, the modern Middle East drawn in an afternoon. Here is what the record says instead. That line was never implemented. Mosul,...",16,https://news.voidvision.org/audio/history/sykes-picot-agreement.mp3,https://news.voidvision.org/history/sykes-picot-agreement/,sykes-picot-agreement
The Taiping Rebellion,written,rendered,re-render (audio contradicts script),,am_michael,"catastrophic political: dark, but not funereal",1781,13.87,14.54,0.67,clean,"5 scenes, 6 rests, 2 docs, 5 accounts",M+N,"You think the worst war of the nineteenth century was fought over empire, or slavery, or land. This one started with a written exam. A man sat for it in Canton four...",15,https://news.voidvision.org/audio/history/taiping-rebellion.mp3,https://news.voidvision.org/history/taiping-rebellion/,taiping-rebellion
The Trail of Tears,written,rendered,re-render (audio contradicts script),"H07-voice,H11-para,H11-2nd,unnamed,inst-voice",am_michael,"catastrophic political: dark, but not funereal",1689,13.3,13.72,0.42,clean,"5 scenes, 6 rests, 2 docs, 5 accounts",M+N,"Most people think the Cherokee lost this fight in court. They had the strongest case in the history of federal Indian law, and they won it. In eighteen thirty two, in...",15,https://news.voidvision.org/audio/history/trail-of-tears.mp3,https://news.voidvision.org/history/trail-of-tears/,trail-of-tears
The Transatlantic Slave Trade,written,rendered,re-render (audio contradicts script),"H07-voice,H11-para,H11-2nd,unnamed,inst-voice",am_michael,"catastrophic economic: dark, but not funereal",1902,14.46,14.3,-0.16,warn H-10; warn H-10; warn H-10; warn H-10; warn H-10; warn H-18; warn H-18,"4 scenes, 6 rests, 1 docs, 5 accounts",M+N,Most of it did not happen where you think it happened. Twelve and a half million people were put on ships in Africa. Ten point seven million came off them alive in the...,14,https://news.voidvision.org/audio/history/transatlantic-slave-trade.mp3,https://news.voidvision.org/history/transatlantic-slave-trade/,transatlantic-slave-trade
The Treaty of Waitangi and the New Zealand Wars,written,rendered,re-render (audio contradicts script),,bm_george,major empire: mid weight,1748,13.2,14.3,1.1,warn H-18; warn H-18,"5 scenes, 5 rests, 3 docs, 5 accounts",F+M+N,"Most museums that hold the Treaty of Waitangi keep two documents in the case, in two languages. Ask which one nearly all the Maori chiefs who signed it actually read,...",15,https://news.voidvision.org/audio/history/treaty-of-waitangi.mp3,https://news.voidvision.org/history/treaty-of-waitangi/,treaty-of-waitangi
The Vietnam War,written,rendered,re-render (audio contradicts script),"H07-voice,H11-para,H11-2nd,unnamed,inst-voice",bm_lewis,catastrophic war: the gravest voice,1727,13.24,13.48,0.24,warn H-11,"5 scenes, 6 rests, 4 docs, 5 accounts",M+N,Congress authorized this war five hundred and four votes to two. What it was voting on was a second attack on an American destroyer in the Gulf of Tonkin. The first...,15,https://news.voidvision.org/audio/history/vietnam-war.mp3,https://news.voidvision.org/history/vietnam-war/,vietnam-war
"Tiananmen Square, 1989",written,rendered,re-render (audio contradicts script),"H07-voice,H11-para,H11-2nd,unnamed,inst-voice",bm_george,critical revolution: mid weight,1724,13.03,13.06,0.03,clean,"5 scenes, 5 rests, 3 docs, 5 accounts",F+M+N,"The massacre did not happen in Tiananmen Square. Every year the world uses that name for the third and fourth of June, nineteen eighty nine, and every year the record...",15,https://news.voidvision.org/audio/history/tiananmen-square.mp3,https://news.voidvision.org/history/tiananmen-square/,tiananmen-square
World War I,written,rendered,re-render (audio contradicts script),"H07-voice,H11-para,H11-2nd,unnamed,inst-voice",bm_lewis,catastrophic war: the gravest voice,1799,13.73,13.91,0.18,warn H-11,"5 scenes, 7 rests, 3 docs, 5 accounts",M+N,"Gavrilo Princip was nineteen, and he had already missed his chance once that day. Another conspirator's bomb had bounced off the Archduke's car earlier and wounded...",15,https://news.voidvision.org/audio/history/world-war-i.mp3,https://news.voidvision.org/history/world-war-i/,world-war-i
